{
  "breakfast_menu" : {
    "food" : [
      {
        "calories" : "650",
        "description" : "two of our famous Belgian Waffles with plenty of real maple syrup",
        "name" : "Belgian Waffles",
        "price" : "$5.95"
      },
      {
        "calories" : "900",
        "description" : "light Belgian waffles covered with strawberries and whipped cream",
        "name" : "Strawberry Belgian Waffles",
        "price" : "$7.95"
      },
      {
        "calories" : "900",
        "description" : "light Belgian waffles covered with an assortment of fresh berries and whipped cream",
        "name" : "Berry-Berry Belgian Waffles",
        "price" : "$8.95"
      },
      {
        "calories" : "600",
        "description" : "thick slices made from our homemade sourdough bread",
        "name" : "French Toast",
        "price" : "$4.50"
      },
      {
        "calories" : "950",
        "description" : "two eggs, bacon or sausage, toast, and our ever-popular hash browns",
        "name" : "Homestyle Breakfast",
        "price" : "$6.95"
      }
    ]
  }
}